{"MODULES":[{"ADDRESS":"0x80000","NAME":"pke_wrapper","SIZE":"0x71280","OFFSET":"0x80000"},{"ADDRESS":"0x100000","OFFSET":"0x100000","NAME":"clk_ctl","SIZE":"0x200000"},{"ADDRESS":"0x300000","NAME":"boot_rom","OFFSET":"0x300000","SIZE":"0x100000"},{"ADDRESS":"0x400000","OFFSET":"0x400000","NAME":"ipc_router_soc_top","SIZE":"0x100000"},{"NAME":"ramblur_pimem","OFFSET":"0x610000","SIZE":"0x8000","ADDRESS":"0x610000"},{"ADDRESS":"0x618000","OFFSET":"0x618000","NAME":"ocimem_wrapper_csr","SIZE":"0x8000"},{"ADDRESS":"0x628000","MEMORY":[{"ADDRESS":"0x628000","OFFSET":"0x628000","NAME":"reg_mem","SIZE":"0x4000"}],"NAME":"cx_cpr3","OFFSET":"0x628000","SIZE":"0x4000"},{"OFFSET":"0x62c000","NAME":"mx_cpr3","SIZE":"0x4000","MEMORY":[{"OFFSET":"0x62c000","NAME":"reg_mem","SIZE":"0x4000","ADDRESS":"0x62c000"}],"ADDRESS":"0x62c000"},{"ADDRESS":"0x630000","MEMORY":[{"OFFSET":"0x630000","SIZE":"0x4000","NAME":"reg_mem","ADDRESS":"0x630000"}],"NAME":"mmcx_cpr3","SIZE":"0x4000","OFFSET":"0x630000"},{"NAME":"rdpm_cx_rdpm_top","SIZE":"0x2000","OFFSET":"0x634000","ADDRESS":"0x634000"},{"ADDRESS":"0x638000","SIZE":"0x2000","NAME":"rdpm_mxc_rdpm_top","OFFSET":"0x638000"},{"SIZE":"0x2000","NAME":"rdpm_mx_rdpm_top","OFFSET":"0x636000","ADDRESS":"0x636000"},{"ADDRESS":"0x63a000","MEMORY":[{"OFFSET":"0x63a000","NAME":"reg_mem","SIZE":"0x4000","ADDRESS":"0x63a000"}],"OFFSET":"0x63a000","NAME":"nspcx_0_cpr_cpr3","SIZE":"0x4000"},{"ADDRESS":"0x63e000","NAME":"nspcx_1_cpr_cpr3","SIZE":"0x4000","OFFSET":"0x63e000","MEMORY":[{"ADDRESS":"0x63e000","NAME":"reg_mem","OFFSET":"0x63e000","SIZE":"0x4000"}]},{"ADDRESS":"0x780000","NAME":"security_control","SIZE":"0x10000","OFFSET":"0x780000"},{"SIZE":"0x100000","NAME":"qupv3_3_axi_qupv3_id_9","OFFSET":"0xb00000","ADDRESS":"0xb00000"},{"ADDRESS":"0x800000","SIZE":"0x100000","NAME":"qupv3_2_qupv3_id_7","OFFSET":"0x800000"},{"ADDRESS":"0x900000","NAME":"qupv3_0_qupv3_id_5","SIZE":"0x100000","OFFSET":"0x900000"},{"ADDRESS":"0xa00000","NAME":"qupv3_1_qupv3_id_6","OFFSET":"0xa00000","SIZE":"0x100000"},{"ADDRESS":"0x1005000","NAME":"venus_v_cpu_throttle_throttle_wrapper_1","SIZE":"0x1000","OFFSET":"0x1005000"},{"NAME":"snoc_throttle_throttle_wrapper_1","SIZE":"0x1000","OFFSET":"0xff4000","ADDRESS":"0xff4000"},{"OFFSET":"0x100b000","NAME":"sailss_throttle_throttle_wrapper_1","SIZE":"0x1000","ADDRESS":"0x100b000"},{"SIZE":"0x1000","NAME":"gpdsp_0_throttle_throttle_wrapper_1","OFFSET":"0x100c000","ADDRESS":"0x100c000"},{"ADDRESS":"0x100d000","NAME":"gpdsp_1_throttle_throttle_wrapper_1","SIZE":"0x1000","OFFSET":"0x100d000"},{"NAME":"pcie_throttle_throttle_bwmon_wrapper_1","SIZE":"0x1000","OFFSET":"0xff5000","ADDRESS":"0xff5000"},{"ADDRESS":"0x1000000","SIZE":"0x1000","NAME":"titan_throttle_rt_throttle_wrapper_1","OFFSET":"0x1000000"},{"ADDRESS":"0x100a000","NAME":"anoc_throttle_throttle_wrapper_2","SIZE":"0x1000","OFFSET":"0x100a000"},{"NAME":"display_0_rt_throttle_cfgthrottle_wrapper_2","SIZE":"0x1000","OFFSET":"0x22201000","ADDRESS":"0x22201000"},{"ADDRESS":"0x22202000","OFFSET":"0x22202000","NAME":"display_1_rt_throttle_cfgthrottle_wrapper_2","SIZE":"0x1000"},{"ADDRESS":"0x1002000","NAME":"video_throttle_vcodec_throttle_bwmon_wrapper_2","OFFSET":"0x1002000","SIZE":"0x1000"},{"OFFSET":"0x1003000","NAME":"titan_throttle_nrt_throttle_wrapper_2","SIZE":"0x1000","ADDRESS":"0x1003000"},{"ADDRESS":"0x1004000","NAME":"video_throttle_cvp_throttle_bwmon_wrapper_1","OFFSET":"0x1004000","SIZE":"0x1000"},{"ADDRESS":"0x1006000","OFFSET":"0x1006000","NAME":"audio_ml_throttle_cfgthrottle_wrapper_1","SIZE":"0x1000"},{"NAME":"pcie_tcu_throttle_cfgthrottle_wrapper_axi_1","OFFSET":"0x1008000","SIZE":"0x1000","ADDRESS":"0x1008000"},{"NAME":"gpu_tcu_throttle_cfgthrottle_wrapper_axi_1","OFFSET":"0x1009000","SIZE":"0x1000","ADDRESS":"0x1009000"},{"ADDRESS":"0x10b8000","OFFSET":"0x10b8000","NAME":"qm","SIZE":"0x4000","MEMORY":[{"ADDRESS":"0x10b8000","OFFSET":"0x10b8000","NAME":"reg_mem","SIZE":"0x4000"}]},{"NAME":"qm_mpu_cfg_qm_mpu_wrapper","SIZE":"0x1200","OFFSET":"0x10bc000","ADDRESS":"0x10bc000"},{"NAME":"hwkm_master_cfg_keymanager_master_regs","SIZE":"0x20000","OFFSET":"0x10c0000","ADDRESS":"0x10c0000"},{"NAME":"ddr_ss","SIZE":"0x1000000","OFFSET":"0x9000000","ADDRESS":"0x9000000"},{"SIZE":"0x6a000","NAME":"config_noc_wrapper","OFFSET":"0x14c0000","ADDRESS":"0x14c0000"},{"ADDRESS":"0x1680000","SIZE":"0x40000","NAME":"system_noc_wrapper","OFFSET":"0x1680000"},{"OFFSET":"0x16c0000","NAME":"aggre_noc_aggre_noc","SIZE":"0xe0000","ADDRESS":"0x16c0000"},{"NAME":"mmss_noc_wrapper","OFFSET":"0x17a0000","SIZE":"0x40000","ADDRESS":"0x17a0000"},{"NAME":"tscss","SIZE":"0x20000","OFFSET":"0x1c80000","ADDRESS":"0x1c80000"},{"ADDRESS":"0x1d80000","OFFSET":"0x1d80000","NAME":"ufs_mem_ufs_2lane_regs","SIZE":"0x20000"},{"ADDRESS":"0x1da0000","NAME":"ufs_card_ufs_2lane_regs","SIZE":"0x20000","OFFSET":"0x1da0000"},{"SIZE":"0x40000","NAME":"crypto0_crypto_top","OFFSET":"0x1dc0000","ADDRESS":"0x1dc0000"},{"SIZE":"0x40000","NAME":"crypto1_crypto_top","OFFSET":"0x1c40000","ADDRESS":"0x1c40000"},{"NAME":"ipa_wrapper_base","SIZE":"0x100000","OFFSET":"0x1e00000","ADDRESS":"0x1e00000"},{"ADDRESS":"0x1f00000","NAME":"core_top_csr","OFFSET":"0x1f00000","SIZE":"0x100000"},{"NAME":"lpass","SIZE":"0x1080000","OFFSET":"0x2c00000","ADDRESS":"0x2c00000"},{"ADDRESS":"0x3d00000","MEMORY":[{"SIZE":"0x4000","NAME":"GPUCX_DTCM","ADDRESS":"0x71000"},{"ADDRESS":"0x6d000","NAME":"GPUCX_ITCM","SIZE":"0x4000"}],"NAME":"gfx","SIZE":"0x100000","OFFSET":"0x3d00000"},{"ADDRESS":"0x4000000","OFFSET":"0x4000000","NAME":"qdss_soc_dbg","SIZE":"0x4000000"},{"ADDRESS":"0x87c0000","SIZE":"0x20000","NAME":"periph_ss_sdc1_sdcc5_top","OFFSET":"0x87c0000"},{"ADDRESS":"0x88d0000","NAME":"periph_ss_pdm_perph_web","SIZE":"0x4000","OFFSET":"0x88d0000"},{"NAME":"ahb2phy_0_ahb2phy_0","SIZE":"0x10000","OFFSET":"0x88e0000","ADDRESS":"0x88e0000"},{"ADDRESS":"0x8914000","SIZE":"0x4000","NAME":"ahb2phy_1_ahb2phy_1","OFFSET":"0x8914000"},{"NAME":"ahb2phy_2_ahb2phy_2","SIZE":"0x8000","OFFSET":"0x8900000","ADDRESS":"0x8900000"},{"NAME":"ahb2phy_3_ahb2phy_3","SIZE":"0x4000","OFFSET":"0x891c000","ADDRESS":"0x891c000"},{"MEMORY":[{"ADDRESS":"0x0","NAME":"TURING_QDSP6_TCM_REGION_L2TCM","SIZE":"0x100000"},{"SIZE":"0x80000","NAME":"TURING_QDSP6_TCM_REGION_L2CFG","ADDRESS":"0x180000"},{"SIZE":"0x800000","NAME":"TURING_QDSP6_TCM_REGION_VTCM","ADDRESS":"0x1000000"}],"OFFSET":"0x24000000","NAME":"turingnsp_0_turing","SIZE":"0x3000000","ADDRESS":"0x24000000"},{"NAME":"turingnsp_1_turing","OFFSET":"0x28000000","SIZE":"0x3000000","MEMORY":[{"NAME":"TURING_QDSP6_TCM_REGION_L2TCM","SIZE":"0x100000","ADDRESS":"0x0"},{"ADDRESS":"0x180000","SIZE":"0x80000","NAME":"TURING_QDSP6_TCM_REGION_L2CFG"},{"ADDRESS":"0x1000000","SIZE":"0x800000","NAME":"TURING_QDSP6_TCM_REGION_VTCM"}],"ADDRESS":"0x28000000"},{"ADDRESS":"0x21000000","MEMORY":[{"ADDRESS":"0x0","SIZE":"0x100000","NAME":"TURING_QDSP6_TCM_REGION_L2TCM"}],"OFFSET":"0x21000000","NAME":"turinggdsp_1_turing_gdsp","SIZE":"0x1000000"},{"ADDRESS":"0x20000000","MEMORY":[{"ADDRESS":"0x0","SIZE":"0x100000","NAME":"TURING_QDSP6_TCM_REGION_L2TCM"}],"NAME":"turinggdsp_0_turing_gdsp","OFFSET":"0x20000000","SIZE":"0x1000000"},{"OFFSET":"0xa400000","NAME":"usb20s","SIZE":"0x200000","ADDRESS":"0xa400000"},{"NAME":"usb3_ss_usb3_drd_sp_0_usb31_prim_mvs_wrapper","OFFSET":"0xa600000","SIZE":"0x200000","ADDRESS":"0xa600000"},{"ADDRESS":"0xa800000","NAME":"usb3_ss_usb3_drd_sp_1_usb31_prim_mvs_wrapper","OFFSET":"0xa800000","SIZE":"0x200000"},{"ADDRESS":"0xaa00000","OFFSET":"0xaa00000","NAME":"iris","SIZE":"0x200000"},{"ADDRESS":"0xac00000","NAME":"titan_ss","OFFSET":"0xac00000","SIZE":"0x200000"},{"ADDRESS":"0xae00000","NAME":"mdss_0_mdss","SIZE":"0x200000","OFFSET":"0xae00000"},{"ADDRESS":"0x22000000","NAME":"mdss_1_mdss","SIZE":"0x200000","OFFSET":"0x22000000"},{"NAME":"aoss","SIZE":"0x4000000","OFFSET":"0xb000000","ADDRESS":"0xb000000"},{"ADDRESS":"0xf000000","SIZE":"0x1000000","NAME":"tlmm","OFFSET":"0xf000000"},{"ADDRESS":"0x15000000","SIZE":"0x200000","NAME":"sys_tcu_cfg_v2smmu_500_apps_reg_wrapper","OFFSET":"0x15000000"},{"OFFSET":"0x15200000","NAME":"pcie_tcu_cfg_v2smmu_500_pcie_reg_wrapper","SIZE":"0x100000","ADDRESS":"0x15200000"},{"NAME":"apss_hm","OFFSET":"0x17800000","SIZE":"0xe00000","ADDRESS":"0x17800000"},{"NAME":"ethernet_cfg_0emac_wrapper_8ch","SIZE":"0x30000","OFFSET":"0x23040000","ADDRESS":"0x23040000"},{"OFFSET":"0x23000000","NAME":"ethernet_cfg_1emac_wrapper_8ch","SIZE":"0x30000","ADDRESS":"0x23000000"},{"ADDRESS":"0x22203000","MEMORY":[{"SIZE":"0x1000","OFFSET":"0x22203000","NAME":"reg_mem","ADDRESS":"0x22203000"}],"NAME":"shs_server_apb_cfgshs_mlbridge","SIZE":"0x1000","OFFSET":"0x22203000"},{"SIZE":"0x8000","NAME":"pcie0_cfgpcie_wrapper_ahb_w_phy_g4x2_hdma_auto","OFFSET":"0x1c00000","ADDRESS":"0x1c00000"},{"NAME":"pcie1_cfgpcie_wrapper_ahb_w_phy_g4x4_hdma_auto","SIZE":"0x8000","OFFSET":"0x1c10000","ADDRESS":"0x1c10000"},{"ADDRESS":"0x40000000","NAME":"pcie_0pcie_wrapper_axi_g4x2_hdma_auto","OFFSET":"0x40000000","SIZE":"0x20000000"},{"NAME":"pcie_1pcie_wrapper_axi_g4x4_hdma_auto","SIZE":"0x20000000","OFFSET":"0x60000000","ADDRESS":"0x60000000"}],"NAME":"lemansau","MEMORY":[{"ADDRESS":"0x80000000","NAME":"DDR_space","SIZE":"0x380000000"},{"ADDRESS":"0x800000000","SIZE":"0x800000000","NAME":"DDR_space_1"},{"ADDRESS":"0x600000000","NAME":"PCIE_1_space","SIZE":"0x200000000"},{"NAME":"PCIE_0_space","SIZE":"0x200000000","ADDRESS":"0x400000000"},{"SIZE":"0x80000","NAME":"SYSTEM_IMEM","ADDRESS":"0x14680000"},{"SIZE":"0x400000","NAME":"BOOT_IMEM","ADDRESS":"0x14800000"},{"SIZE":"0x8000","NAME":"LPASS_LPM","ADDRESS":"0x3a10000"},{"NAME":"PIMEM","SIZE":"0x4000000","ADDRESS":"0x1c000000"},{"ADDRESS":"0x300000","NAME":"BOOT_ROM","SIZE":"0x3c000"},{"NAME":"AOP_CODE_RAM","SIZE":"0x1c000","ADDRESS":"0xb000000"},{"ADDRESS":"0xb0e0000","NAME":"AOP_DATA_RAM","SIZE":"0x8000"},{"SIZE":"0x100000","NAME":"AOP_SS_MSG_RAM","REGION":[{"LSB":"0x0","MSB":"0x3ff","NAME":"DRV0"},{"MSB":"0x103ff","NAME":"DRV1","LSB":"0x10000"},{"MSB":"0x203ff","NAME":"DRV2","LSB":"0x20000"},{"LSB":"0x30000","NAME":"DRV3","MSB":"0x303ff"},{"MSB":"0x403ff","NAME":"DRV4","LSB":"0x40000"},{"NAME":"DRV5","MSB":"0x503ff","LSB":"0x50000"},{"LSB":"0x60000","MSB":"0x603ff","NAME":"DRV6"},{"MSB":"0x703ff","NAME":"DRV7","LSB":"0x70000"},{"LSB":"0x80000","NAME":"DRV8","MSB":"0x803ff"},{"LSB":"0x90000","NAME":"DRV9","MSB":"0x903ff"},{"NAME":"DRV10","MSB":"0xa03ff","LSB":"0xa0000"},{"NAME":"DRV11","MSB":"0xb03ff","LSB":"0xb0000"},{"LSB":"0xc0000","MSB":"0xc03ff","NAME":"DRV12"},{"NAME":"DRV13","MSB":"0xd03ff","LSB":"0xd0000"},{"LSB":"0xe0000","NAME":"DRV14","MSB":"0xe03ff"},{"MSB":"0xf03ff","NAME":"DRV15","LSB":"0xf0000"}],"ADDRESS":"0xc300000"},{"SIZE":"0x1000000","NAME":"QDSS_STM","ADDRESS":"0x16000000"},{"ADDRESS":"0x30000000","NAME":"SC_TCM","SIZE":"0x800000"}]}