{"MODULES":[{"OFFSET":"0x4a000","ADDRESS":"0x4a000","NAME":"ssc_mpu_cfg_ssc_mpu_wrapper","SIZE":"0x1500"},{"OFFSET":"0x80000","ADDRESS":"0x80000","SIZE":"0x71280","NAME":"pka_wrapper"},{"ADDRESS":"0x100000","SIZE":"0x200000","NAME":"clk_ctl","OFFSET":"0x100000"},{"SIZE":"0x100000","NAME":"boot_rom","ADDRESS":"0x300000","OFFSET":"0x300000"},{"ADDRESS":"0x400000","SIZE":"0x100000","NAME":"ipc_router_top","OFFSET":"0x400000"},{"ADDRESS":"0x610000","SIZE":"0x8000","NAME":"ramblur_pimem","OFFSET":"0x610000"},{"OFFSET":"0x618000","SIZE":"0x8000","NAME":"ocimem_wrapper_csr","ADDRESS":"0x618000"},{"NAME":"cx_cpr3","SIZE":"0x4000","ADDRESS":"0x628000","OFFSET":"0x628000","MEMORY":[{"ADDRESS":"0x628000","SIZE":"0x4000","NAME":"reg_mem","OFFSET":"0x628000"}]},{"ADDRESS":"0x62c000","SIZE":"0x4000","NAME":"mx_cpr3","MEMORY":[{"OFFSET":"0x62c000","ADDRESS":"0x62c000","SIZE":"0x4000","NAME":"reg_mem"}],"OFFSET":"0x62c000"},{"MEMORY":[{"SIZE":"0x4000","NAME":"reg_mem","ADDRESS":"0x630000","OFFSET":"0x630000"}],"OFFSET":"0x630000","ADDRESS":"0x630000","NAME":"mmcx_cpr3","SIZE":"0x4000"},{"OFFSET":"0x634000","SIZE":"0x2000","NAME":"rdpm_cxrdpm_top","ADDRESS":"0x634000"},{"SIZE":"0x2000","NAME":"rdpm_mxcrdpm_top","ADDRESS":"0x638000","OFFSET":"0x638000"},{"ADDRESS":"0x636000","SIZE":"0x2000","NAME":"rdpm_mxrdpm_top","OFFSET":"0x636000"},{"SIZE":"0x4000","NAME":"nspcx_cprcpr3","ADDRESS":"0x63a000","OFFSET":"0x63a000","MEMORY":[{"OFFSET":"0x63a000","NAME":"reg_mem","SIZE":"0x4000","ADDRESS":"0x63a000"}]},{"ADDRESS":"0x780000","NAME":"security_control","SIZE":"0x10000","OFFSET":"0x780000"},{"OFFSET":"0x800000","ADDRESS":"0x800000","NAME":"qupv3_2_qupv3_id_0","SIZE":"0x100000"},{"SIZE":"0x100000","NAME":"qupv3_0_qupv3_id_0","ADDRESS":"0x900000","OFFSET":"0x900000"},{"ADDRESS":"0xa00000","NAME":"qupv3_1_qupv3_id_0","SIZE":"0x100000","OFFSET":"0xa00000"},{"OFFSET":"0xff4000","NAME":"snoc_throttle_throttle_wrapper_1","SIZE":"0x1000","ADDRESS":"0xff4000"},{"OFFSET":"0xff5000","ADDRESS":"0xff5000","SIZE":"0x1000","NAME":"pcie_throttle_throttle_bwmon_wrapper_1"},{"OFFSET":"0x1000000","ADDRESS":"0x1000000","SIZE":"0x1000","NAME":"titan_throttle_rt_throttle_wrapper_2"},{"SIZE":"0x1000","NAME":"display_0_nrt_throttle_cfgthrottle_wrapper_1","ADDRESS":"0x1001000","OFFSET":"0x1001000"},{"OFFSET":"0x22201000","ADDRESS":"0x22201000","SIZE":"0x1000","NAME":"display_0_rt_throttle_cfgthrottle_wrapper_2"},{"SIZE":"0x1000","NAME":"display_1_nrt_throttle_cfgthrottle_wrapper_1","ADDRESS":"0x22200000","OFFSET":"0x22200000"},{"SIZE":"0x1000","NAME":"display_1_rt_throttle_cfgthrottle_wrapper_2","ADDRESS":"0x22202000","OFFSET":"0x22202000"},{"SIZE":"0x1000","NAME":"video_throttle_vcodec_throttle_bwmon_wrapper_2","ADDRESS":"0x1002000","OFFSET":"0x1002000"},{"ADDRESS":"0x1003000","SIZE":"0x1000","NAME":"titan_throttle_nrt_throttle_wrapper_1","OFFSET":"0x1003000"},{"OFFSET":"0x1004000","ADDRESS":"0x1004000","NAME":"video_throttle_cvp_throttle_bwmon_wrapper_1","SIZE":"0x1000"},{"NAME":"audio_ml_throttle_cfgthrottle_wrapper_1","SIZE":"0x1000","ADDRESS":"0x1006000","OFFSET":"0x1006000"},{"OFFSET":"0x1008000","NAME":"pcie_tcu_throttle_cfgthrottle_wrapper_axi_1","SIZE":"0x1000","ADDRESS":"0x1008000"},{"ADDRESS":"0x1009000","SIZE":"0x1000","NAME":"gpu_tcu_throttle_cfgthrottle_wrapper_axi_1","OFFSET":"0x1009000"},{"OFFSET":"0x10e0000","SIZE":"0x10000","NAME":"pcie_rsc_cfgpcie_rscc","ADDRESS":"0x10e0000"},{"OFFSET":"0x1100000","ADDRESS":"0x1100000","NAME":"qc_dcc_makena_128kb8ll","SIZE":"0x80000"},{"ADDRESS":"0x10b8000","SIZE":"0x4000","NAME":"qm","MEMORY":[{"OFFSET":"0x10b8000","SIZE":"0x4000","NAME":"reg_mem","ADDRESS":"0x10b8000"}],"OFFSET":"0x10b8000"},{"OFFSET":"0x10bc000","ADDRESS":"0x10bc000","NAME":"qm_mpu_cfg_qm_mpu_wrapper","SIZE":"0x1200"},{"OFFSET":"0x10c0000","SIZE":"0x20000","NAME":"hwkm_master_cfg_keymanager_master_regs","ADDRESS":"0x10c0000"},{"OFFSET":"0x9000000","ADDRESS":"0x9000000","NAME":"ddr_ss","SIZE":"0x1000000"},{"ADDRESS":"0x1500000","NAME":"config_noc_wrapper","SIZE":"0x2c000","OFFSET":"0x1500000"},{"OFFSET":"0x1680000","ADDRESS":"0x1680000","NAME":"system_noc_wrapper","SIZE":"0x40000"},{"OFFSET":"0x16c0000","SIZE":"0x80000","NAME":"aggre_noc_aggre_noc","ADDRESS":"0x16c0000"},{"MEMORY":[{"OFFSET":"0x1740000","SIZE":"0x1fa80","NAME":"reg_mem","ADDRESS":"0x1740000"}],"OFFSET":"0x1740000","ADDRESS":"0x1740000","NAME":"mmss_noc","SIZE":"0x1fa80"},{"OFFSET":"0x1800000","NAME":"sp_scsr","SIZE":"0xa0000","ADDRESS":"0x1800000"},{"ADDRESS":"0x1d80000","NAME":"ufs_mem_ufs_2lane_regs","SIZE":"0x20000","OFFSET":"0x1d80000"},{"OFFSET":"0x1da0000","ADDRESS":"0x1da0000","SIZE":"0x20000","NAME":"ufs_card_ufs_2lane_regs"},{"OFFSET":"0x1dc0000","ADDRESS":"0x1dc0000","NAME":"crypto0_crypto_top","SIZE":"0x40000"},{"ADDRESS":"0x1e00000","SIZE":"0x100000","NAME":"ipa_0_ipa_wrapper_base","OFFSET":"0x1e00000"},{"OFFSET":"0x1f00000","ADDRESS":"0x1f00000","SIZE":"0x100000","NAME":"core_top_csr"},{"OFFSET":"0x2000000","SIZE":"0xc00000","NAME":"ssc","ADDRESS":"0x2000000"},{"OFFSET":"0x2c00000","ADDRESS":"0x2c00000","SIZE":"0x1080000","NAME":"lpass"},{"OFFSET":"0x3d00000","MEMORY":[{"NAME":"GPUCX_DTCM","SIZE":"0x4000","ADDRESS":"0x71000"},{"SIZE":"0x4000","NAME":"GPUCX_ITCM","ADDRESS":"0x6d000"},{"ADDRESS":"0x6c000","NAME":"GDPM_RAM","SIZE":"0x1000"}],"NAME":"gfx","SIZE":"0x100000","ADDRESS":"0x3d00000"},{"SIZE":"0x2000000","NAME":"qdss_soc_dbg","ADDRESS":"0x6000000","OFFSET":"0x6000000"},{"OFFSET":"0x8400000","ADDRESS":"0x8400000","SIZE":"0x200000","NAME":"pmu_wrapper"},{"OFFSET":"0x8800000","SIZE":"0x20000","NAME":"periph_ss_sdc2_sdcc5_top","ADDRESS":"0x8800000"},{"ADDRESS":"0x8840000","SIZE":"0x20000","NAME":"periph_ss_sdc4_sdcc5_top","OFFSET":"0x8840000"},{"ADDRESS":"0x88c8000","NAME":"vsense_ctrl_p_cfgvsense_controller","SIZE":"0x1000","MEMORY":[{"ADDRESS":"0x88c8000","NAME":"reg_mem","SIZE":"0x1000","OFFSET":"0x88c8000"}],"OFFSET":"0x88c8000"},{"ADDRESS":"0x88c9000","NAME":"vsense_ctrl_r_cfgvsense_controller","SIZE":"0x1000","MEMORY":[{"ADDRESS":"0x88c9000","NAME":"reg_mem","SIZE":"0x1000","OFFSET":"0x88c9000"}],"OFFSET":"0x88c9000"},{"NAME":"periph_ss_pdm_perph_web","SIZE":"0x4000","ADDRESS":"0x88d0000","OFFSET":"0x88d0000"},{"OFFSET":"0x88dc000","SIZE":"0x4000","NAME":"qspi_top","ADDRESS":"0x88dc000"},{"OFFSET":"0x88e0000","SIZE":"0x20000","NAME":"ahb2phy_0ahb2phy_0","ADDRESS":"0x88e0000"},{"OFFSET":"0x8914000","SIZE":"0x8000","NAME":"ahb2phy_1ahb2phy_1","ADDRESS":"0x8914000"},{"OFFSET":"0x8900000","ADDRESS":"0x8900000","SIZE":"0x14000","NAME":"ahb2phy_2ahb2phy_2"},{"SIZE":"0x1800000","NAME":"turing_ss_1turing","ADDRESS":"0x20000000","OFFSET":"0x20000000"},{"OFFSET":"0x1a000000","SIZE":"0x1800000","NAME":"turing_ss_0turing","ADDRESS":"0x1a000000"},{"NAME":"usb4_ss_usb3_drd_sp_0usb31_gen2_subsystem","SIZE":"0x200000","ADDRESS":"0xa600000","OFFSET":"0xa600000"},{"OFFSET":"0xa800000","ADDRESS":"0xa800000","NAME":"usb4_ss_usb3_drd_sp_1usb31_gen2_subsystem","SIZE":"0x200000"},{"SIZE":"0x200000","NAME":"usb3_host_mpusb31_gen2_multiport_top","ADDRESS":"0xa400000","OFFSET":"0xa400000"},{"ADDRESS":"0x15600000","NAME":"usb4_host_router_0usb4_wrapper","SIZE":"0x100000","OFFSET":"0x15600000"},{"OFFSET":"0x15700000","NAME":"usb4_host_router_1usb4_wrapper","SIZE":"0x100000","ADDRESS":"0x15700000"},{"OFFSET":"0xaa00000","NAME":"iris","SIZE":"0x200000","ADDRESS":"0xaa00000"},{"ADDRESS":"0xac00000","SIZE":"0x121000","NAME":"titan_ss","OFFSET":"0xac00000"},{"OFFSET":"0xae00000","SIZE":"0x200000","NAME":"mdss_0_mdss","ADDRESS":"0xae00000"},{"ADDRESS":"0x22000000","SIZE":"0x200000","NAME":"mdss_1_mdss","OFFSET":"0x22000000"},{"SIZE":"0x4000000","NAME":"aoss","ADDRESS":"0xb000000","OFFSET":"0xb000000"},{"ADDRESS":"0xf000000","SIZE":"0x1000000","NAME":"tlmm","OFFSET":"0xf000000"},{"ADDRESS":"0x15000000","NAME":"sys_tcu_cfg_v2smmu_500_apps_reg_wrapper","SIZE":"0x180000","OFFSET":"0x15000000"},{"ADDRESS":"0x14f80000","NAME":"sys_tcu_cfg_v3smmu_ss_reg_wrapper","SIZE":"0x50000","OFFSET":"0x14f80000"},{"OFFSET":"0x17800000","ADDRESS":"0x17800000","SIZE":"0xd00000","NAME":"apss_hm"},{"OFFSET":"0x23f00000","ADDRESS":"0x23f00000","NAME":"safety_mgr_ss","SIZE":"0x200000"},{"OFFSET":"0x20000","ADDRESS":"0x20000","NAME":"ethernet_cfg_0emac_wrapper","SIZE":"0x20000"},{"SIZE":"0x20000","NAME":"ethernet_cfg_1emac_wrapper","ADDRESS":"0x23000000","OFFSET":"0x23000000"},{"OFFSET":"0x22203000","MEMORY":[{"ADDRESS":"0x22203000","NAME":"reg_mem","SIZE":"0x1000","OFFSET":"0x22203000"}],"SIZE":"0x1000","NAME":"shs_server_apb_cfglbistdrv","ADDRESS":"0x22203000"},{"OFFSET":"0x3c000000","SIZE":"0x2000000","NAME":"pcie_2apcie_wrapper_axi_g3x4_edma_auto","ADDRESS":"0x3c000000"},{"ADDRESS":"0x38000000","SIZE":"0x2000000","NAME":"pcie_2bpcie_wrapper_axi_g3x2_auto","OFFSET":"0x38000000"},{"OFFSET":"0x32000000","ADDRESS":"0x32000000","SIZE":"0x2000000","NAME":"pcie_3bpcie_wrapper_axi_g3x2_auto"},{"OFFSET":"0x30000000","SIZE":"0x2000000","NAME":"pcie_4pcie_wrapper_axi_g3x1_auto","ADDRESS":"0x30000000"},{"ADDRESS":"0x40000000","SIZE":"0x2000000","NAME":"pcie_3apcie_wrapper_axi_g3x4_edma_auto","OFFSET":"0x40000000"},{"NAME":"pcie0_cfgcio_pcie_wrapper_ahb","SIZE":"0x8000","ADDRESS":"0x1c30000","OFFSET":"0x1c30000"},{"OFFSET":"0x1c28000","NAME":"pcie1_cfgcio_pcie_wrapper_ahb","SIZE":"0x8000","ADDRESS":"0x1c28000"},{"NAME":"pcie2a_cfgpcie_wrapper_ahb_w_phy_g3x2_x4_edma_auto","SIZE":"0x8000","ADDRESS":"0x1c20000","OFFSET":"0x1c20000"},{"ADDRESS":"0x1c10000","SIZE":"0x8000","NAME":"pcie3a_cfgpcie_wrapper_ahb_w_phy_g3x2_x4_edma_auto","OFFSET":"0x1c10000"},{"SIZE":"0x8000","NAME":"pcie2b_cfgpcie_wrapper_ahb_w_phy_g3x2_x4_edma_auto","ADDRESS":"0x1c18000","OFFSET":"0x1c18000"},{"NAME":"pcie3b_cfgpcie_wrapper_ahb_w_phy_g3x2_x4_edma_auto","SIZE":"0x8000","ADDRESS":"0x1c08000","OFFSET":"0x1c08000"},{"ADDRESS":"0x1c00000","SIZE":"0x8000","NAME":"pcie4_cfgpcie_wrapper_ahb_w_phy_g3x1_auto","OFFSET":"0x1c00000"}],"NAME":"makenaau","MEMORY":[{"ADDRESS":"0x80000000","NAME":"DDR_space","SIZE":"0x380000000"},{"ADDRESS":"0x800000000","SIZE":"0x800000000","NAME":"DDR_space_1"},{"NAME":"PCIE_3A_space","SIZE":"0x200000000","ADDRESS":"0x600000000"},{"SIZE":"0x100000000","NAME":"PCIE_2A_space","ADDRESS":"0x500000000"},{"ADDRESS":"0x4c0000000","NAME":"PCIE_2B_space","SIZE":"0x40000000"},{"NAME":"PCIE_3B_space","SIZE":"0x40000000","ADDRESS":"0x440000000"},{"SIZE":"0x40000000","NAME":"PCIE_4_space","ADDRESS":"0x400000000"},{"ADDRESS":"0x14680000","SIZE":"0x40000","NAME":"SYSTEM_IMEM"},{"ADDRESS":"0x14800000","SIZE":"0x400000","NAME":"BOOT_IMEM"},{"NAME":"LPASS_LPM","SIZE":"0x6000","ADDRESS":"0x3a10000"},{"SIZE":"0x4000000","NAME":"PIMEM","ADDRESS":"0x1c000000"},{"NAME":"BOOT_ROM","SIZE":"0x3c000","ADDRESS":"0x300000"},{"NAME":"AOP_CODE_RAM","SIZE":"0x60000","ADDRESS":"0xb000000"},{"SIZE":"0x20000","NAME":"AOP_DATA_RAM","ADDRESS":"0xb0e0000"},{"NAME":"AOP_SS_MSG_RAM","SIZE":"0x100000","ADDRESS":"0xc300000","REGION":[{"LSB":"0x0","NAME":"DRV0","MSB":"0x3ff"},{"MSB":"0x103ff","LSB":"0x10000","NAME":"DRV1"},{"MSB":"0x203ff","LSB":"0x20000","NAME":"DRV2"},{"LSB":"0x30000","NAME":"DRV3","MSB":"0x303ff"},{"NAME":"DRV4","LSB":"0x40000","MSB":"0x403ff"},{"LSB":"0x50000","NAME":"DRV5","MSB":"0x503ff"},{"MSB":"0x603ff","NAME":"DRV6","LSB":"0x60000"},{"MSB":"0x703ff","LSB":"0x70000","NAME":"DRV7"},{"MSB":"0x803ff","NAME":"DRV8","LSB":"0x80000"},{"MSB":"0x903ff","LSB":"0x90000","NAME":"DRV9"},{"MSB":"0xa03ff","LSB":"0xa0000","NAME":"DRV10"},{"NAME":"DRV11","LSB":"0xb0000","MSB":"0xb03ff"},{"NAME":"DRV12","LSB":"0xc0000","MSB":"0xc03ff"},{"MSB":"0xd03ff","LSB":"0xd0000","NAME":"DRV13"},{"NAME":"DRV14","LSB":"0xe0000","MSB":"0xe03ff"},{"NAME":"DRV15","LSB":"0xf0000","MSB":"0xf03ff"}]},{"ADDRESS":"0x2000000","SIZE":"0x400000","NAME":"SSC_QDSP6_TCM"},{"ADDRESS":"0x2800000","SIZE":"0x7d00","NAME":"SSC_SDC_CODE_RAM"},{"NAME":"SSC_SDC_DATA_RAM","SIZE":"0x7cff","ADDRESS":"0x28e0000"},{"NAME":"SSC_RAM","SIZE":"0xb800","ADDRESS":"0x2ba0000"},{"NAME":"QDSS_STM","SIZE":"0x1000000","ADDRESS":"0x16000000"},{"ADDRESS":"0x15800000","SIZE":"0x800000","NAME":"SC_TCM"},{"SIZE":"0x180000","NAME":"SAFETY_MANAGER_AXI_CSM","ADDRESS":"0x24400000"},{"ADDRESS":"0x24780000","NAME":"SAFETY_MANAGER_AXI_DCCM","SIZE":"0x4000"}]}